{
  "Name": "DemoCsvReadWithLoop",
  "CreationDate": "2020-10-23",
  "Commands": [
    {
      "Command": "store",
      "Target": "fast",
      "Value": "!replayspeed"
    },
    {
      "Command": "comment",
      "Target": "The file ReadCSVTestData.csv is pre-installed with UI.Vision RPA.",
      "Value": ""
    },
    {
      "Command": "csvRead",
      "Target": "ReadCSVTestData.csv",
      "Value": ""
    },
    {
      "Command": "comment",
      "Target": "Call subroutine for the actual form filling",
      "Value": ""
    },
    {
      "Command": "run",
      "Target": "Sub_DemoCsvRead_FillForm",
      "Value": ""
    }
  ]
}