{
  "Name": "DemoVisualUITest",
  "CreationDate": "2020-10-23",
  "Commands": [
    {
      "Command": "open",
      "Target": "https://ui.vision/",
      "Value": ""
    },
    {
      "Command": "setWindowSize",
      "Target": "1024x768",
      "Value": ""
    },
    {
      "Command": "visualVerify",
      "Target": "uitest_logo_wide_dpi_96.png@0.70",
      "Value": ""
    },
    {
      "Command": "visualAssert",
      "Target": "uitest_download_dpi_96.png@0.70",
      "Value": ""
    },
    {
      "Command": "visualVerify",
      "Target": "uitest_share_dpi_96.png@0.70",
      "Value": ""
    },
    {
      "Command": "comment",
      "Target": "Resize to iPhone6 screen size",
      "Value": ""
    },
    {
      "Command": "setWindowSize",
      "Target": "375x768",
      "Value": ""
    },
    {
      "Command": "visualVerify",
      "Target": "uitest_logo_mobile_dpi_96.png",
      "Value": ""
    },
    {
      "Command": "comment",
      "Target": "Missing menu is critical, so we use ASSERT (instead of just VERIFY)",
      "Value": ""
    },
    {
      "Command": "visualAssert",
      "Target": "uitest_hamburger_dpi_96.png",
      "Value": ""
    },
    {
      "Command": "comment",
      "Target": "Check that Share buttons do not show",
      "Value": ""
    },
    {
      "Command": "comment",
      "Target": "At this point, page is surely loaded => reduce wait for (normally missing) image",
      "Value": ""
    },
    {
      "Command": "store",
      "Target": "2",
      "Value": "!timeout_wait"
    },
    {
      "Command": "visualSearch",
      "Target": "uitest_share_dpi_96.png@0.70",
      "Value": "count"
    },
    {
      "Command": "if_v2",
      "Target": "${count} > 0",
      "Value": ""
    },
    {
      "Command": "throwError",
      "Target": "Share buttons should NOT show on mobile phones",
      "Value": ""
    },
    {
      "Command": "end",
      "Target": "",
      "Value": ""
    },
    {
      "Command": "comment",
      "Target": "Restore default wait (not really needed here, since macro stops now anyway)",
      "Value": ""
    },
    {
      "Command": "store",
      "Target": "10",
      "Value": "!timeout_wait"
    },
    {
      "Command": "comment",
      "Target": "Done, enlarge browser again",
      "Value": ""
    },
    {
      "Command": "setWindowSize",
      "Target": "1024x768",
      "Value": ""
    }
  ]
}