{
  "Name": "DemoAutofill",
  "CreationDate": "2020-10-23",
  "Commands": [
    {
      "Command": "store",
      "Target": "fast",
      "Value": "!replayspeed"
    },
    {
      "Command": "store",
      "Target": "15",
      "Value": "!TIMEOUT_WAIT"
    },
    {
      "Command": "store",
      "Target": "60",
      "Value": "!TIMEOUT_PAGELOAD"
    },
    {
      "Command": "open",
      "Target": "https://docs.google.com/forms/d/1cbI5dMRs0-t_IwNzPm6T3lAG_nPgsnJZEA-FEYVARxg/",
      "Value": ""
    },
    {
      "Command": "click",
      "Target": "//span[contains(text(),\"UI.Vision IDE\")]",
      "Value": ""
    },
    {
      "Command": "click",
      "Target": "//*[text()[contains(.,'Web Testing')]]",
      "Value": ""
    },
    {
      "Command": "click",
      "Target": "//span[contains(text(),\"Form Autofilling\")]",
      "Value": ""
    },
    {
      "Command": "click",
      "Target": "//*[text()[contains(.,\"General Web Automation\")]]",
      "Value": ""
    },
    {
      "Command": "pause",
      "Target": "500",
      "Value": ""
    },
    {
      "Command": "captureScreenshot",
      "Target": "AutoFill1stPage${!LOOP}",
      "Value": ""
    },
    {
      "Command": "clickAndWait",
      "Target": "xpath=//*[@id=\"mG61Hd\"]/div/div/div[3]/div/div/div/span/span",
      "Value": ""
    },
    {
      "Command": "type",
      "Target": "xpath=//input[@type='text']",
      "Value": "This is a single line test..."
    },
    {
      "Command": "type",
      "Target": "xpath=//textarea",
      "Value": "...and this a multiline test:\nLine2\nLine3"
    },
    {
      "Command": "captureScreenshot",
      "Target": "AutoFill2ndPage${!LOOP}",
      "Value": ""
    },
    {
      "Command": "pause",
      "Target": "1000",
      "Value": ""
    },
    {
      "Command": "clickAndWait",
      "Target": "xpath=//*[@id=\"mG61Hd\"]/div/div/div[3]/div[1]/div[1]/div[2]/span/span",
      "Value": ""
    },
    {
      "Command": "captureScreenshot",
      "Target": "AutoFill3rdPage${!LOOP}",
      "Value": ""
    },
    {
      "Command": "echo",
      "Target": "DemoAutofill macro completed (shown as notification because of #shownotification in the 3rd column)",
      "Value": "#shownotification"
    },
    {
      "Command": "comment",
      "Target": "Open form filling tutorial page",
      "Value": ""
    },
    {
      "Command": "open",
      "Target": "https://ui.vision/rpa/docs/selenium-ide/form-filling",
      "Value": ""
    },
    {
      "Command": "assertTitle",
      "Target": "*Form Filling*",
      "Value": ""
    }
  ]
}